"res_time","equiv","conc","temp","sty","e_factor"
0.5375,2.3,0.21,72.75,3445.21562993217,1.40900018677022
0.6125,1.5,0.33,41.25,2542.76601486533,2.63348188581496
0.6875,4.5,0.41,90.75,6979.9477795474,1.80254938220619
0.7625,3.1,0.15,99.75,2408.42065550658,1.11397659858305
0.8375,4.9,0.25,50.25,3436.49281096916,2.07108697045028
0.9125,2.9,0.49,63.75,6582.37141615938,0.982439263345767
0.9875,1.9,0.27,117.75,3331.83477061126,0.598995570658438

